con_term,con_df,con_cf,con_idf
圣,12,16,1.3187587626244126
条,6,6,1.6197887582883939
咸,3,3,1.9208187539523751
柳,20,21,1.0969100130080565
千,32,39,0.8927900303521316
崔,3,3,1.9208187539523751
汤,1,1,2.397940008672037
拽,1,1,2.397940008672037
思,22,28,1.055517327849831
丹,8,8,1.494850021680094
篱,2,2,2.0969100130080562
芭,1,1,2.397940008672037
像,1,2,2.397940008672037
巉,1,1,2.397940008672037
瘴,1,1,2.397940008672037
刁,2,2,2.0969100130080562
造,3,3,1.9208187539523751
谷,1,1,2.397940008672037
辉,4,4,1.7958800173440752
移,7,7,1.5528419686577806
笙,1,1,2.397940008672037
娄,1,1,2.397940008672037
上,64,75,0.5917600346881503
窈,1,1,2.397940008672037
萤,3,3,1.9208187539523751
聆,1,1,2.397940008672037
枯,3,3,1.9208187539523751
别,25,30,1.0
魅,1,1,2.397940008672037
室,5,5,1.6989700043360185
徘,2,2,2.0969100130080562
崇,2,2,2.0969100130080562
默,2,3,2.0969100130080562
耿,1,2,2.397940008672037
妆,9,10,1.4436974992327125
佛,2,2,2.0969100130080562
费,2,2,2.0969100130080562
逆,2,2,2.0969100130080562
求,4,5,1.7958800173440752
履,1,1,2.397940008672037
矣,2,2,2.0969100130080562
禾,1,1,2.397940008672037
忌,1,1,2.397940008672037
沾,9,9,1.4436974992327125
伎,1,1,2.397940008672037
衡,1,1,2.397940008672037
去,47,55,0.7258421507363201
想,5,5,1.6989700043360185
涂,1,1,2.397940008672037
舞,10,13,1.3979400086720375
悸,1,1,2.397940008672037
胆,1,1,2.397940008672037
丁,1,1,2.397940008672037
止,4,5,1.7958800173440752
绢,1,1,2.397940008672037
冬,1,1,2.397940008672037
复,26,30,0.9829666607012195
伶,1,1,2.397940008672037
屏,6,6,1.6197887582883939
护,3,3,1.9208187539523751
绮,5,5,1.6989700043360185
木,16,16,1.1938200260161127
讴,1,1,2.397940008672037
氏,3,3,1.9208187539523751
荣,2,2,2.0969100130080562
第,5,5,1.6989700043360185
肤,1,1,2.397940008672037
扫,10,10,1.3979400086720375
熊,1,1,2.397940008672037
缠,3,3,1.9208187539523751
玳,1,1,2.397940008672037
续,1,2,2.397940008672037
僧,5,5,1.6989700043360185
飙,1,1,2.397940008672037
岸,6,6,1.6197887582883939
封,5,6,1.6989700043360185
宠,2,2,2.0969100130080562
妹,1,1,2.397940008672037
炙,1,1,2.397940008672037
传,15,15,1.2218487496163564
存,5,5,1.6989700043360185
接,9,9,1.4436974992327125
殒,1,1,2.397940008672037
窥,7,7,1.5528419686577806
余,14,15,1.2518119729937995
心,44,54,0.7544873321858501
灰,2,2,2.0969100130080562
凛,1,1,2.397940008672037
命,5,5,1.6989700043360185
吁,1,1,2.397940008672037
潇,1,1,2.397940008672037
涓,1,1,2.397940008672037
妃,3,3,1.9208187539523751
娇,2,3,2.0969100130080562
泣,3,4,1.9208187539523751
迢,6,9,1.6197887582883939
奢,1,1,2.397940008672037
莺,7,7,1.5528419686577806
桂,5,5,1.6989700043360185
弧,1,1,2.397940008672037
褊,1,1,2.397940008672037
铜,3,3,1.9208187539523751
铄,1,1,2.397940008672037
异,4,5,1.7958800173440752
泉,14,17,1.2518119729937995
挲,1,1,2.397940008672037
慎,2,2,2.0969100130080562
含,6,6,1.6197887582883939
安,21,22,1.0757207139381182
依,13,16,1.2839966563652008
鸡,7,7,1.5528419686577806
衔,3,3,1.9208187539523751
梅,3,3,1.9208187539523751
南,33,36,0.8794260687941501
遇,3,3,1.9208187539523751
贵,8,8,1.494850021680094
榻,1,2,2.397940008672037
枝,14,15,1.2518119729937995
丞,2,2,2.0969100130080562
鲁,2,2,2.0969100130080562
赊,1,1,2.397940008672037
此,42,54,0.774690718274137
麻,4,4,1.7958800173440752
雪,23,27,1.0362121726544447
光,18,19,1.1426675035687315
堕,1,1,2.397940008672037
匹,1,2,2.397940008672037
撑,1,1,2.397940008672037
勉,1,1,2.397940008672037
视,1,1,2.397940008672037
瀛,1,1,2.397940008672037
檄,1,1,2.397940008672037
欢,5,7,1.6989700043360185
绿,13,13,1.2839966563652008
音,10,10,1.3979400086720375
彼,2,2,2.0969100130080562
奠,2,2,2.0969100130080562
弄,3,3,1.9208187539523751
劝,3,4,1.9208187539523751
端,4,4,1.7958800173440752
讫,1,1,2.397940008672037
后,22,24,1.055517327849831
霞,7,8,1.5528419686577806
善,2,2,2.0969100130080562
皆,17,20,1.1674910872937636
飘,7,9,1.5528419686577806
民,2,2,2.0969100130080562
眉,10,11,1.3979400086720375
鼙,2,2,2.0969100130080562
黑,3,3,1.9208187539523751
涧,4,5,1.7958800173440752
碧,16,17,1.1938200260161127
巾,5,5,1.6989700043360185
赖,1,1,2.397940008672037
逡,1,1,2.397940008672037
宙,1,1,2.397940008672037
脾,1,1,2.397940008672037
梵,1,1,2.397940008672037
帘,10,10,1.3979400086720375
背,2,2,2.0969100130080562
赏,2,2,2.0969100130080562
槿,1,1,2.397940008672037
荻,2,2,2.0969100130080562
瓢,3,3,1.9208187539523751
热,1,1,2.397940008672037
峣,1,1,2.397940008672037
鸠,1,1,2.397940008672037
濬,1,1,2.397940008672037
清,44,49,0.7544873321858501
觞,1,1,2.397940008672037
浊,2,2,2.0969100130080562
朔,1,1,2.397940008672037
栈,2,2,2.0969100130080562
等,2,2,2.0969100130080562
婵,1,1,2.397940008672037
闺,4,4,1.7958800173440752
仰,7,7,1.5528419686577806
遭,3,3,1.9208187539523751
裁,4,4,1.7958800173440752
比,6,6,1.6197887582883939
沓,1,1,2.397940008672037
底,4,4,1.7958800173440752
雷,5,5,1.6989700043360185
喧,5,6,1.6989700043360185
死,13,18,1.2839966563652008
国,17,17,1.1674910872937636
房,8,8,1.494850021680094
踏,2,2,2.0969100130080562
垒,4,4,1.7958800173440752
羌,3,3,1.9208187539523751
了,2,2,2.0969100130080562
泽,5,5,1.6989700043360185
浑,1,1,2.397940008672037
腰,6,6,1.6197887582883939
卿,1,1,2.397940008672037
巷,4,4,1.7958800173440752
鼎,3,4,1.9208187539523751
骧,1,1,2.397940008672037
为,43,58,0.764471553092451
羁,3,3,1.9208187539523751
泛,4,5,1.7958800173440752
涵,1,1,2.397940008672037
鹰,2,2,2.0969100130080562
间,19,24,1.1191864077192084
幕,4,4,1.7958800173440752
暮,32,36,0.8927900303521316
祷,1,1,2.397940008672037
拔,4,4,1.7958800173440752
飖,2,2,2.0969100130080562
熏,3,3,1.9208187539523751
体,4,4,1.7958800173440752
梢,1,1,2.397940008672037
首,6,6,1.6197887582883939
祗,1,1,2.397940008672037
荇,1,1,2.397940008672037
知,36,41,0.8416375079047503
磬,3,3,1.9208187539523751
殉,1,1,2.397940008672037
液,1,1,2.397940008672037
唧,1,2,2.397940008672037
驿,2,2,2.0969100130080562
齐,2,2,2.0969100130080562
溶,1,2,2.397940008672037
危,5,5,1.6989700043360185
蕨,1,1,2.397940008672037
汉,28,31,0.9507819773298184
展,2,2,2.0969100130080562
警,2,2,2.0969100130080562
漂,2,2,2.0969100130080562
訾,1,1,2.397940008672037
茂,2,2,2.0969100130080562
雌,1,1,2.397940008672037
题,1,1,2.397940008672037
谓,3,3,1.9208187539523751
陇,3,3,1.9208187539523751
茫,13,19,1.2839966563652008
零,2,2,2.0969100130080562
帝,12,15,1.3187587626244126
谋,1,1,2.397940008672037
裾,1,1,2.397940008672037
眠,11,11,1.3565473235138124
宴,4,5,1.7958800173440752
谈,2,2,2.0969100130080562
野,21,21,1.0757207139381182
俱,3,3,1.9208187539523751
激,2,3,2.0969100130080562
垣,2,2,2.0969100130080562
答,3,3,1.9208187539523751
簟,4,4,1.7958800173440752
珊,2,2,2.0969100130080562
瑚,2,2,2.0969100130080562
荠,1,1,2.397940008672037
力,4,4,1.7958800173440752
昽,1,1,2.397940008672037
卢,1,1,2.397940008672037
勒,5,5,1.6989700043360185
篲,1,1,2.397940008672037
痕,6,7,1.6197887582883939
毅,1,1,2.397940008672037
炊,1,1,2.397940008672037
令,9,10,1.4436974992327125
蟢,1,1,2.397940008672037
阁,9,10,1.4436974992327125
巧,1,1,2.397940008672037
毛,3,3,1.9208187539523751
霓,4,5,1.7958800173440752
丛,3,3,1.9208187539523751
葡,1,1,2.397940008672037
湍,1,1,2.397940008672037
鸾,4,4,1.7958800173440752
性,4,4,1.7958800173440752
毒,1,1,2.397940008672037
翁,7,7,1.5528419686577806
今,44,50,0.7544873321858501
蓟,3,3,1.9208187539523751
主,12,14,1.3187587626244126
灞,2,2,2.0969100130080562
瀑,2,2,2.0969100130080562
数,12,15,1.3187587626244126
魄,7,8,1.5528419686577806
敛,1,1,2.397940008672037
欸,1,1,2.397940008672037
开,35,42,0.8538719643217619
嘉,1,1,2.397940008672037
昼,2,2,2.0969100130080562
访,3,3,1.9208187539523751
涩,1,1,2.397940008672037
逶,1,1,2.397940008672037
陌,3,3,1.9208187539523751
教,10,13,1.3979400086720375
神,14,19,1.2518119729937995
略,1,1,2.397940008672037
寰,1,1,2.397940008672037
蔓,1,1,2.397940008672037
交,3,3,1.9208187539523751
姊,1,1,2.397940008672037
央,2,2,2.0969100130080562
茧,1,1,2.397940008672037
黯,2,3,2.0969100130080562
寺,8,8,1.494850021680094
寥,5,5,1.6989700043360185
罪,1,1,2.397940008672037
军,13,22,1.2839966563652008
讲,1,1,2.397940008672037
赤,5,5,1.6989700043360185
赦,1,1,2.397940008672037
崖,3,3,1.9208187539523751
刃,1,1,2.397940008672037
峦,2,2,2.0969100130080562
浴,2,2,2.0969100130080562
者,15,21,1.2218487496163564
刺,1,1,2.397940008672037
永,4,4,1.7958800173440752
俜,1,1,2.397940008672037
索,4,4,1.7958800173440752
蔬,2,2,2.0969100130080562
标,1,1,2.397940008672037
卫,3,3,1.9208187539523751
浔,1,3,2.397940008672037
沿,1,1,2.397940008672037
乔,1,1,2.397940008672037
辈,2,2,2.0969100130080562
局,1,1,2.397940008672037
反,3,3,1.9208187539523751
武,9,10,1.4436974992327125
叩,1,1,2.397940008672037
鄹,1,1,2.397940008672037
轮,3,5,1.9208187539523751
半,11,13,1.3565473235138124
忽,15,17,1.2218487496163564
末,2,2,2.0969100130080562
愿,9,10,1.4436974992327125
特,1,1,2.397940008672037
擘,1,1,2.397940008672037
殊,6,6,1.6197887582883939
鹫,1,1,2.397940008672037
受,2,2,2.0969100130080562
冲,1,1,2.397940008672037
判,1,1,2.397940008672037
真,5,6,1.6989700043360185
裙,2,2,2.0969100130080562
辰,1,1,2.397940008672037
帖,1,1,2.397940008672037
园,9,9,1.4436974992327125
凋,3,3,1.9208187539523751
菑,1,1,2.397940008672037
烜,1,1,2.397940008672037
拥,4,4,1.7958800173440752
陪,1,1,2.397940008672037
骄,1,1,2.397940008672037
商,3,4,1.9208187539523751
干,14,14,1.2518119729937995
慵,1,1,2.397940008672037
趁,1,1,2.397940008672037
闾,1,1,2.397940008672037
全,1,1,2.397940008672037
四,17,19,1.1674910872937636
曙,8,8,1.494850021680094
借,4,4,1.7958800173440752
睹,2,2,2.0969100130080562
厨,1,1,2.397940008672037
裂,1,1,2.397940008672037
补,1,1,2.397940008672037
争,7,7,1.5528419686577806
县,2,2,2.0969100130080562
匠,1,1,2.397940008672037
婕,1,1,2.397940008672037
妤,1,1,2.397940008672037
憎,2,2,2.0969100130080562
科,2,2,2.0969100130080562
沃,1,1,2.397940008672037
臂,1,1,2.397940008672037
若,12,12,1.3187587626244126
昨,14,15,1.2518119729937995
霁,1,1,2.397940008672037
榜,1,1,2.397940008672037
雨,48,51,0.7166987712964503
东,30,34,0.9208187539523751
敢,4,4,1.7958800173440752
术,1,1,2.397940008672037
呼,9,10,1.4436974992327125
悄,3,3,1.9208187539523751
量,1,1,2.397940008672037
尔,4,5,1.7958800173440752
计,1,1,2.397940008672037
牙,2,2,2.0969100130080562
泊,7,7,1.5528419686577806
镜,8,8,1.494850021680094
代,9,9,1.4436974992327125
栖,7,8,1.5528419686577806
奇,3,3,1.9208187539523751
菱,2,2,2.0969100130080562
傍,7,7,1.5528419686577806
墙,2,2,2.0969100130080562
夕,16,17,1.1938200260161127
包,1,1,2.397940008672037
宣,2,2,2.0969100130080562
逢,16,16,1.1938200260161127
腊,1,1,2.397940008672037
尉,1,1,2.397940008672037
渚,6,6,1.6197887582883939
意,27,27,0.9665762445130502
绰,1,1,2.397940008672037
治,1,1,2.397940008672037
桥,4,4,1.7958800173440752
雏,2,2,2.0969100130080562
诏,5,5,1.6989700043360185
败,1,1,2.397940008672037
私,3,3,1.9208187539523751
尘,18,20,1.1426675035687315
栋,1,1,2.397940008672037
乡,24,25,1.0177287669604314
唤,3,3,1.9208187539523751
遮,4,4,1.7958800173440752
袜,1,1,2.397940008672037
携,1,1,2.397940008672037
啮,2,2,2.0969100130080562
岑,1,1,2.397940008672037
烦,6,6,1.6197887582883939
戒,2,2,2.0969100130080562
虫,2,2,2.0969100130080562
爪,1,1,2.397940008672037
孰,1,1,2.397940008672037
妒,1,1,2.397940008672037
坛,2,2,2.0969100130080562
弃,7,7,1.5528419686577806
是,37,44,0.8297382846050426
才,15,16,1.2218487496163564
没,6,6,1.6197887582883939
或,4,4,1.7958800173440752
萝,5,5,1.6989700043360185
惟,8,8,1.494850021680094
月,84,100,0.47366072261015596
凌,5,5,1.6989700043360185
污,3,3,1.9208187539523751
荆,9,9,1.4436974992327125
薇,1,1,2.397940008672037
义,1,1,2.397940008672037
泗,1,1,2.397940008672037
鸥,4,4,1.7958800173440752
保,1,1,2.397940008672037
约,1,1,2.397940008672037
耀,1,1,2.397940008672037
李,5,5,1.6989700043360185
辅,2,2,2.0969100130080562
偏,5,5,1.6989700043360185
祀,1,1,2.397940008672037
古,36,44,0.8416375079047503
问,29,32,0.9355420107730814
贱,2,2,2.0969100130080562
救,2,2,2.0969100130080562
脚,1,1,2.397940008672037
槐,1,1,2.397940008672037
愧,3,3,1.9208187539523751
净,1,1,2.397940008672037
梨,6,7,1.6197887582883939
起,13,16,1.2839966563652008
冢,2,2,2.0969100130080562
柱,4,5,1.7958800173440752
纲,1,1,2.397940008672037
铁,7,7,1.5528419686577806
罴,1,1,2.397940008672037
长,59,78,0.6270879970298934
仙,13,19,1.2839966563652008
琵,5,11,1.6989700043360185
谑,1,1,2.397940008672037
翻,7,8,1.5528419686577806
城,42,46,0.774690718274137
陋,1,1,2.397940008672037
岂,14,16,1.2518119729937995
屡,3,3,1.9208187539523751
訇,1,1,2.397940008672037
暗,11,12,1.3565473235138124
妻,3,3,1.9208187539523751
魂,8,12,1.494850021680094
吏,2,2,2.0969100130080562
眦,1,1,2.397940008672037
州,11,12,1.3565473235138124
垂,15,15,1.2218487496163564
掎,1,1,2.397940008672037
掘,1,1,2.397940008672037
筵,2,2,2.0969100130080562
静,14,14,1.2518119729937995
飒,3,5,1.9208187539523751
欲,43,49,0.764471553092451
蕤,1,1,2.397940008672037
任,2,2,2.0969100130080562
潜,3,3,1.9208187539523751
翔,3,3,1.9208187539523751
稀,10,10,1.3979400086720375
到,25,28,1.0
郊,5,5,1.6989700043360185
灯,13,13,1.2839966563652008
关,30,31,0.9208187539523751
玛,1,1,2.397940008672037
博,1,2,2.397940008672037
笛,4,4,1.7958800173440752
窦,1,1,2.397940008672037
拍,1,1,2.397940008672037
丰,2,2,2.0969100130080562
免,3,3,1.9208187539523751
伴,4,4,1.7958800173440752
摘,1,1,2.397940008672037
冉,1,2,2.397940008672037
骏,2,2,2.0969100130080562
催,7,7,1.5528419686577806
瑙,1,1,2.397940008672037
楸,1,1,2.397940008672037
紫,8,8,1.494850021680094
我,24,35,1.0177287669604314
隩,1,1,2.397940008672037
怜,14,16,1.2518119729937995
登,16,16,1.1938200260161127
渺,2,2,2.0969100130080562
影,14,15,1.2518119729937995
埋,4,4,1.7958800173440752
袴,1,1,2.397940008672037
匎,1,1,2.397940008672037
冥,8,13,1.494850021680094
唱,3,3,1.9208187539523751
貙,1,2,2.397940008672037
己,1,1,2.397940008672037
抚,2,2,2.0969100130080562
原,8,9,1.494850021680094
赵,2,2,2.0969100130080562
篁,1,1,2.397940008672037
焰,1,1,2.397940008672037
黎,1,1,2.397940008672037
季,1,1,2.397940008672037
翼,3,3,1.9208187539523751
乙,1,1,2.397940008672037
羹,1,1,2.397940008672037
槛,1,1,2.397940008672037
揽,1,1,2.397940008672037
伐,4,4,1.7958800173440752
鄜,1,1,2.397940008672037
寓,1,1,2.397940008672037
雊,1,1,2.397940008672037
陈,2,2,2.0969100130080562
舒,2,2,2.0969100130080562
樽,6,6,1.6197887582883939
剑,14,17,1.2518119729937995
棋,1,1,2.397940008672037
以,12,15,1.3187587626244126
椒,2,2,2.0969100130080562
梗,1,1,2.397940008672037
蹴,1,1,2.397940008672037
牧,3,3,1.9208187539523751
寻,15,15,1.2218487496163564
沱,1,1,2.397940008672037
递,3,3,1.9208187539523751
援,1,1,2.397940008672037
呦,1,2,2.397940008672037
鳌,1,1,2.397940008672037
辛,3,3,1.9208187539523751
殿,9,12,1.4436974992327125
纷,7,12,1.5528419686577806
欣,1,2,2.397940008672037
猛,2,2,2.0969100130080562
拜,5,6,1.6989700043360185
叹,7,7,1.5528419686577806
芙,5,8,1.6989700043360185
立,5,5,1.6989700043360185
蝥,1,1,2.397940008672037
家,39,46,0.8068754016455384
也,3,3,1.9208187539523751
辞,11,13,1.3565473235138124
捣,1,1,2.397940008672037
翦,1,1,2.397940008672037
检,1,1,2.397940008672037
阴,12,14,1.3187587626244126
韩,3,3,1.9208187539523751
湓,1,1,2.397940008672037
膺,1,1,2.397940008672037
尾,2,2,2.0969100130080562
洮,1,1,2.397940008672037
司,3,4,1.9208187539523751
节,12,12,1.3187587626244126
动,20,23,1.0969100130080565
容,6,7,1.6197887582883939
腾,4,4,1.7958800173440752
陵,18,19,1.1426675035687315
错,1,1,2.397940008672037
阶,7,7,1.5528419686577806
荦,1,1,2.397940008672037
锦,15,15,1.2218487496163564
蒐,1,1,2.397940008672037
辗,1,1,2.397940008672037
须,11,14,1.3565473235138124
引,3,3,1.9208187539523751
邺,1,1,2.397940008672037
络,2,2,2.0969100130080562
玲,2,2,2.0969100130080562
辇,1,2,2.397940008672037
狂,5,5,1.6989700043360185
犬,3,3,1.9208187539523751
浩,3,4,1.9208187539523751
渌,2,2,2.0969100130080562
八,13,14,1.2839966563652008
孤,30,30,0.9208187539523751
曰,2,4,2.0969100130080562
藻,1,1,2.397940008672037
凤,13,15,1.2839966563652008
写,1,1,2.397940008672037
郡,3,3,1.9208187539523751
驻,3,3,1.9208187539523751
尝,2,2,2.0969100130080562
过,20,20,1.0969100130080565
孔,5,5,1.6989700043360185
俭,1,1,2.397940008672037
堂,16,16,1.1938200260161127
支,2,2,2.0969100130080562
度,17,18,1.1674910872937636
与,36,43,0.8416375079047503
沐,1,1,2.397940008672037
寄,7,8,1.5528419686577806
狼,3,3,1.9208187539523751
镌,1,1,2.397940008672037
竟,4,5,1.7958800173440752
图,4,5,1.7958800173440752
函,2,3,2.0969100130080562
滋,1,1,2.397940008672037
杪,1,1,2.397940008672037
逗,1,1,2.397940008672037
琼,1,1,2.397940008672037
蹙,1,1,2.397940008672037
篦,1,1,2.397940008672037
邛,2,2,2.0969100130080562
羡,3,3,1.9208187539523751
尚,9,11,1.4436974992327125
海,34,38,0.8664610916297824
甘,3,3,1.9208187539523751
卖,2,2,2.0969100130080562
撝,1,1,2.397940008672037
悦,3,3,1.9208187539523751
涕,6,6,1.6197887582883939
排,1,1,2.397940008672037
巅,2,2,2.0969100130080562
诵,1,1,2.397940008672037
噫,1,1,2.397940008672037
悼,1,1,2.397940008672037
娑,1,1,2.397940008672037
凰,4,5,1.7958800173440752
贾,5,5,1.6989700043360185
即,7,7,1.5528419686577806
啸,3,3,1.9208187539523751
拾,1,1,2.397940008672037
昭,5,5,1.6989700043360185
融,1,1,2.397940008672037
谪,5,5,1.6989700043360185
急,8,9,1.494850021680094
扪,1,1,2.397940008672037
词,2,3,2.0969100130080562
菊,3,3,1.9208187539523751
颜,15,18,1.2218487496163564
琐,2,2,2.0969100130080562
疏,7,7,1.5528419686577806
掌,4,4,1.7958800173440752
讵,2,2,2.0969100130080562
顶,4,4,1.7958800173440752
户,6,6,1.6197887582883939
假,2,2,2.0969100130080562
寇,1,1,2.397940008672037
语,15,19,1.2218487496163564
草,38,39,0.8181564120552274
乐,18,21,1.1426675035687315
窗,10,10,1.3979400086720375
纹,1,1,2.397940008672037
向,21,23,1.0757207139381182
颇,3,3,1.9208187539523751
羊,4,4,1.7958800173440752
俯,2,2,2.0969100130080562
藏,2,2,2.0969100130080562
胸,1,1,2.397940008672037
藓,1,1,2.397940008672037
怒,1,1,2.397940008672037
至,19,20,1.1191864077192084
管,5,5,1.6989700043360185
拣,1,1,2.397940008672037
橦,1,1,2.397940008672037
拢,1,1,2.397940008672037
蟾,1,1,2.397940008672037
咽,3,3,1.9208187539523751
仍,3,3,1.9208187539523751
工,1,1,2.397940008672037
虢,2,2,2.0969100130080562
输,2,2,2.0969100130080562
火,16,17,1.1938200260161127
鹤,7,9,1.5528419686577806
吟,13,13,1.2839966563652008
筯,1,1,2.397940008672037
拳,1,1,2.397940008672037
襟,3,3,1.9208187539523751
濯,1,1,2.397940008672037
渭,2,2,2.0969100130080562
磋,1,1,2.397940008672037
攒,1,1,2.397940008672037
正,11,12,1.3565473235138124
弦,7,18,1.5528419686577806
效,1,1,2.397940008672037
线,2,2,2.0969100130080562
船,7,11,1.5528419686577806
母,4,4,1.7958800173440752
各,4,4,1.7958800173440752
畏,6,7,1.6197887582883939
笳,2,2,2.0969100130080562
喻,1,1,2.397940008672037
赌,1,1,2.397940008672037
狮,1,1,2.397940008672037
鼓,15,21,1.2218487496163564
烈,1,1,2.397940008672037
湖,9,10,1.4436974992327125
巴,6,7,1.6197887582883939
怕,1,1,2.397940008672037
爱,11,13,1.3565473235138124
宇,2,2,2.0969100130080562
税,2,2,2.0969100130080562
奈,3,3,1.9208187539523751
挂,4,4,1.7958800173440752
冕,2,2,2.0969100130080562
澄,2,4,2.0969100130080562
蒲,2,2,2.0969100130080562
着,1,1,2.397940008672037
话,2,2,2.0969100130080562
谩,1,1,2.397940008672037
斗,12,14,1.3187587626244126
燃,1,1,2.397940008672037
歧,2,2,2.0969100130080562
温,1,1,2.397940008672037
祝,1,1,2.397940008672037
单,4,4,1.7958800173440752
告,1,2,2.397940008672037
举,7,7,1.5528419686577806
快,1,1,2.397940008672037
冠,7,7,1.5528419686577806
溜,1,1,2.397940008672037
如,42,70,0.774690718274137
虚,8,8,1.494850021680094
画,15,19,1.2218487496163564
募,1,1,2.397940008672037
有,57,81,0.6420651529995463
霄,5,5,1.6989700043360185
蹉,3,3,1.9208187539523751
禅,5,5,1.6989700043360185
荐,2,2,2.0969100130080562
染,1,1,2.397940008672037
离,13,16,1.2839966563652008
种,2,2,2.0969100130080562
成,24,30,1.0177287669604314
杲,1,2,2.397940008672037
未,40,47,0.7958800173440752
浸,1,1,2.397940008672037
环,4,4,1.7958800173440752
削,1,1,2.397940008672037
秀,4,4,1.7958800173440752
居,12,13,1.3187587626244126
堪,10,10,1.3979400086720375
曳,1,1,2.397940008672037
逐,9,9,1.4436974992327125
然,23,24,1.0362121726544447
撼,1,1,2.397940008672037
屋,5,5,1.6989700043360185
棹,4,4,1.7958800173440752
具,1,1,2.397940008672037
涨,1,1,2.397940008672037
杖,3,3,1.9208187539523751
奋,1,1,2.397940008672037
士,6,7,1.6197887582883939
铅,1,1,2.397940008672037
漫,7,8,1.5528419686577806
挑,2,2,2.0969100130080562
控,1,1,2.397940008672037
辽,2,2,2.0969100130080562
叶,23,24,1.0362121726544447
躬,1,1,2.397940008672037
制,1,1,2.397940008672037
短,4,4,1.7958800173440752
鄂,1,1,2.397940008672037
二,19,20,1.1191864077192084
鲤,2,2,2.0969100130080562
阵,3,3,1.9208187539523751
赴,1,1,2.397940008672037
漠,6,9,1.6197887582883939
西,30,44,0.9208187539523751
扶,3,3,1.9208187539523751
班,2,2,2.0969100130080562
觱,1,1,2.397940008672037
夜,73,91,0.5346171485515816
帆,11,11,1.3565473235138124
纤,2,2,2.0969100130080562
簪,3,3,1.9208187539523751
黾,1,1,2.397940008672037
几,27,27,0.9665762445130502
竞,1,1,2.397940008672037
曾,10,10,1.3979400086720375
尧,1,1,2.397940008672037
蝌,1,1,2.397940008672037
庐,4,6,1.7958800173440752
潦,1,1,2.397940008672037
德,1,1,2.397940008672037
药,3,3,1.9208187539523751
嶂,1,1,2.397940008672037
银,7,7,1.5528419686577806
扉,8,8,1.494850021680094
鞠,1,1,2.397940008672037
从,21,27,1.0757207139381182
合,7,9,1.5528419686577806
剖,1,1,2.397940008672037
壶,1,1,2.397940008672037
贤,6,6,1.6197887582883939
讼,1,1,2.397940008672037
严,2,2,2.0969100130080562
误,4,4,1.7958800173440752
大,22,31,1.055517327849831
蜡,6,6,1.6197887582883939
帻,1,1,2.397940008672037
敌,2,2,2.0969100130080562
峨,4,4,1.7958800173440752
念,4,4,1.7958800173440752
置,5,5,1.6989700043360185
跨,1,1,2.397940008672037
颐,1,1,2.397940008672037
翰,1,1,2.397940008672037
映,7,7,1.5528419686577806
诉,1,1,2.397940008672037
鞿,1,1,2.397940008672037
且,13,15,1.2839966563652008
宦,3,3,1.9208187539523751
迸,3,3,1.9208187539523751
电,1,1,2.397940008672037
社,1,1,2.397940008672037
腐,1,1,2.397940008672037
小,15,16,1.2218487496163564
得,31,36,0.9065783148377649
晼,1,1,2.397940008672037
庄,1,1,2.397940008672037
价,1,1,2.397940008672037
蛾,4,4,1.7958800173440752
臼,1,1,2.397940008672037
乎,1,2,2.397940008672037
饫,1,1,2.397940008672037
迫,1,1,2.397940008672037
随,19,21,1.1191864077192084
柴,3,3,1.9208187539523751
予,1,1,2.397940008672037
渠,1,1,2.397940008672037
恶,2,2,2.0969100130080562
滴,3,3,1.9208187539523751
飧,1,1,2.397940008672037
之,20,39,1.0969100130080565
拦,1,1,2.397940008672037
暇,1,1,2.397940008672037
违,3,3,1.9208187539523751
物,10,10,1.3979400086720375
饱,2,2,2.0969100130080562
达,6,7,1.6197887582883939
失,5,5,1.6989700043360185
阔,4,4,1.7958800173440752
嵘,1,1,2.397940008672037
强,2,2,2.0969100130080562
授,2,2,2.0969100130080562
邻,9,9,1.4436974992327125
出,31,35,0.9065783148377649
呜,2,2,2.0969100130080562
灶,1,1,2.397940008672037
调,7,7,1.5528419686577806
妙,2,2,2.0969100130080562
薪,2,2,2.0969100130080562
瀚,2,2,2.0969100130080562
圃,2,2,2.0969100130080562
哉,3,4,1.9208187539523751
始,7,7,1.5528419686577806
毡,1,1,2.397940008672037
嵬,3,3,1.9208187539523751
翅,1,1,2.397940008672037
北,21,23,1.0757207139381182
蝶,1,1,2.397940008672037
诸,3,5,1.9208187539523751
；,2,2,2.0969100130080562
帛,1,1,2.397940008672037
逼,1,1,2.397940008672037
惹,1,1,2.397940008672037
蒺,1,1,2.397940008672037
麾,2,2,2.0969100130080562
被,6,6,1.6197887582883939
狐,2,2,2.0969100130080562
恨,20,21,1.0969100130080565
待,10,11,1.3979400086720375
目,6,6,1.6197887582883939
穆,1,1,2.397940008672037
遁,2,2,2.0969100130080562
卒,1,1,2.397940008672037
笺,1,1,2.397940008672037
稽,1,1,2.397940008672037
世,22,22,1.055517327849831
喷,1,1,2.397940008672037
外,19,19,1.1191864077192084
楼,30,34,0.9208187539523751
啭,2,2,2.0969100130080562
缝,3,3,1.9208187539523751
怯,1,1,2.397940008672037
泄,1,1,2.397940008672037
馆,1,1,2.397940008672037
牵,4,4,1.7958800173440752
迎,4,4,1.7958800173440752
跼,1,1,2.397940008672037
住,9,11,1.4436974992327125
恍,1,1,2.397940008672037
勇,1,1,2.397940008672037
基,1,1,2.397940008672037
寝,3,3,1.9208187539523751
湿,8,9,1.494850021680094
组,1,1,2.397940008672037
素,6,6,1.6197887582883939
亩,1,1,2.397940008672037
处,39,49,0.8068754016455384
荡,5,7,1.6989700043360185
浣,2,2,2.0969100130080562
志,3,3,1.9208187539523751
蓝,1,1,2.397940008672037
玺,1,1,2.397940008672037
地,28,34,0.9507819773298184
敖,1,1,2.397940008672037
走,7,7,1.5528419686577806
麝,1,1,2.397940008672037
轲,2,2,2.0969100130080562
六,6,9,1.6197887582883939
渡,11,11,1.3565473235138124
嫁,6,7,1.6197887582883939
洲,11,11,1.3565473235138124
辨,1,1,2.397940008672037
帏,1,1,2.397940008672037
彭,1,1,2.397940008672037
施,2,2,2.0969100130080562
耕,1,1,2.397940008672037
宫,21,29,1.0757207139381182
切,4,7,1.7958800173440752
倾,5,5,1.6989700043360185
托,2,2,2.0969100130080562
常,10,12,1.3979400086720375
流,40,43,0.7958800173440752
桐,2,2,2.0969100130080562
朽,1,1,2.397940008672037
鹭,5,5,1.6989700043360185
釜,1,1,2.397940008672037
甲,3,3,1.9208187539523751
辚,1,2,2.397940008672037
示,1,1,2.397940008672037
百,18,22,1.1426675035687315
岛,2,2,2.0969100130080562
则,1,1,2.397940008672037
衷,1,1,2.397940008672037
稳,2,2,2.0969100130080562
悔,3,3,1.9208187539523751
其,13,38,1.2839966563652008
鹃,4,4,1.7958800173440752
森,4,5,1.7958800173440752
将,31,45,0.9065783148377649
淡,2,2,2.0969100130080562
蹈,1,1,2.397940008672037
席,6,6,1.6197887582883939
割,3,3,1.9208187539523751
福,2,2,2.0969100130080562
磊,1,1,2.397940008672037
佗,1,1,2.397940008672037
隗,1,1,2.397940008672037
裹,2,2,2.0969100130080562
隈,1,1,2.397940008672037
击,1,1,2.397940008672037
部,2,2,2.0969100130080562
蚕,3,3,1.9208187539523751
曈,1,1,2.397940008672037
对,18,20,1.1426675035687315
钩,2,2,2.0969100130080562
滨,1,1,2.397940008672037
际,6,6,1.6197887582883939
赫,2,2,2.0969100130080562
直,8,9,1.494850021680094
缚,1,1,2.397940008672037
亦,15,18,1.2218487496163564
口,9,9,1.4436974992327125
烛,9,9,1.4436974992327125
僻,1,1,2.397940008672037
针,3,3,1.9208187539523751
坊,1,1,2.397940008672037
飕,1,1,2.397940008672037
禽,3,3,1.9208187539523751
伺,1,1,2.397940008672037
觅,3,3,1.9208187539523751
市,2,2,2.0969100130080562
占,1,1,2.397940008672037
团,1,1,2.397940008672037
箧,1,1,2.397940008672037
所,13,15,1.2839966563652008
筋,2,2,2.0969100130080562
申,2,2,2.0969100130080562
昧,2,2,2.0969100130080562
箭,5,5,1.6989700043360185
敲,2,2,2.0969100130080562
垢,1,1,2.397940008672037
怡,1,1,2.397940008672037
越,6,7,1.6197887582883939
味,2,2,2.0969100130080562
据,3,4,1.9208187539523751
持,11,11,1.3565473235138124
菲,1,1,2.397940008672037
邀,3,3,1.9208187539523751
用,5,5,1.6989700043360185
河,26,27,0.9829666607012195
旧,21,22,1.0757207139381182
哑,1,1,2.397940008672037
忆,15,15,1.2218487496163564
除,2,2,2.0969100130080562
载,9,10,1.4436974992327125
决,2,2,2.0969100130080562
弹,6,9,1.6197887582883939
笼,3,4,1.9208187539523751
幸,7,7,1.5528419686577806
迟,11,12,1.3565473235138124
吠,1,1,2.397940008672037
左,1,1,2.397940008672037
羿,1,1,2.397940008672037
俊,1,1,2.397940008672037
盱,1,1,2.397940008672037
派,1,1,2.397940008672037
钟,19,19,1.1191864077192084
珠,10,11,1.3979400086720375
著,6,7,1.6197887582883939
锁,7,7,1.5528419686577806
门,33,37,0.8794260687941501
少,18,20,1.1426675035687315
事,36,42,0.8416375079047503
泪,29,34,0.9355420107730814
褥,1,1,2.397940008672037
空,57,64,0.6420651529995463
岩,3,6,1.9208187539523751
摭,1,1,2.397940008672037
留,12,13,1.3187587626244126
嘶,2,2,2.0969100130080562
格,1,1,2.397940008672037
不,110,192,0.3565473235138126
忍,5,5,1.6989700043360185
营,7,8,1.5528419686577806
破,6,6,1.6197887582883939
慕,1,1,2.397940008672037
仞,1,1,2.397940008672037
役,2,2,2.0969100130080562
禁,3,3,1.9208187539523751
鸟,27,29,0.9665762445130502
晨,2,2,2.0969100130080562
吮,1,1,2.397940008672037
蠡,1,1,2.397940008672037
汪,1,1,2.397940008672037
马,35,45,0.8538719643217619
已,28,30,0.9507819773298184
寂,11,13,1.3565473235138124
庶,2,2,2.0969100130080562
姨,1,1,2.397940008672037
突,2,2,2.0969100130080562
进,4,4,1.7958800173440752
车,10,10,1.3979400086720375
规,2,2,2.0969100130080562
师,4,4,1.7958800173440752
壮,5,5,1.6989700043360185
灸,1,1,2.397940008672037
防,1,1,2.397940008672037
字,6,7,1.6197887582883939
升,3,3,1.9208187539523751
友,1,1,2.397940008672037
蛰,1,1,2.397940008672037
柄,2,2,2.0969100130080562
看,18,20,1.1426675035687315
隅,2,2,2.0969100130080562
书,24,26,1.0177287669604314
滂,1,1,2.397940008672037
伯,1,1,2.397940008672037
刻,2,2,2.0969100130080562
惭,1,1,2.397940008672037
纬,1,1,2.397940008672037
涤,1,1,2.397940008672037
晖,3,3,1.9208187539523751
袷,1,1,2.397940008672037
井,8,8,1.494850021680094
身,21,22,1.0757207139381182
美,12,14,1.3187587626244126
缨,1,1,2.397940008672037
婢,2,2,2.0969100130080562
土,5,6,1.6989700043360185
抱,3,3,1.9208187539523751
添,3,3,1.9208187539523751
九,17,25,1.1674910872937636
肥,2,2,2.0969100130080562
坠,3,3,1.9208187539523751
镇,2,2,2.0969100130080562
掩,8,9,1.494850021680094
犀,2,2,2.0969100130080562
愈,1,3,2.397940008672037
薰,2,2,2.0969100130080562
选,2,2,2.0969100130080562
返,4,4,1.7958800173440752
能,19,22,1.1191864077192084
轩,7,7,1.5528419686577806
富,2,2,2.0969100130080562
亚,1,1,2.397940008672037
极,5,5,1.6989700043360185
枪,1,1,2.397940008672037
步,5,5,1.6989700043360185
微,18,19,1.1426675035687315
乖,1,1,2.397940008672037
演,1,1,2.397940008672037
府,2,2,2.0969100130080562
坡,2,2,2.0969100130080562
钥,1,1,2.397940008672037
幌,1,1,2.397940008672037
换,2,2,2.0969100130080562
玉,33,44,0.8794260687941501
踞,1,1,2.397940008672037
歼,1,1,2.397940008672037
辟,1,1,2.397940008672037
铢,1,1,2.397940008672037
讽,1,1,2.397940008672037
谗,1,1,2.397940008672037
坎,2,2,2.0969100130080562
官,9,10,1.4436974992327125
莫,20,24,1.0969100130080565
降,3,3,1.9208187539523751
绵,1,2,2.397940008672037
眸,2,2,2.0969100130080562
树,27,30,0.9665762445130502
春,60,74,0.619788758288394
皮,1,1,2.397940008672037
厌,1,1,2.397940008672037
騧,1,1,2.397940008672037
掾,1,1,2.397940008672037
诗,5,5,1.6989700043360185
瑟,9,10,1.4436974992327125
易,2,2,2.0969100130080562
震,1,1,2.397940008672037
手,13,16,1.2839966563652008
周,3,4,1.9208187539523751
茵,1,1,2.397940008672037
剡,1,1,2.397940008672037
隔,16,17,1.1938200260161127
倏,1,1,2.397940008672037
苦,17,17,1.1674910872937636
猿,11,11,1.3565473235138124
露,21,22,1.0757207139381182
坚,1,1,2.397940008672037
夔,1,1,2.397940008672037
章,6,6,1.6197887582883939
妖,2,2,2.0969100130080562
场,5,5,1.6989700043360185
潸,1,1,2.397940008672037
逍,1,1,2.397940008672037
香,20,23,1.0969100130080565
鬟,2,2,2.0969100130080562
老,20,20,1.0969100130080565
广,3,3,1.9208187539523751
佳,7,8,1.5528419686577806
再,1,1,2.397940008672037
豗,1,1,2.397940008672037
澒,1,1,2.397940008672037
险,3,3,1.9208187539523751
呵,1,1,2.397940008672037
苏,2,2,2.0969100130080562
中,53,65,0.6736641390712486
剧,2,2,2.0969100130080562
蜀,6,9,1.6197887582883939
通,12,12,1.3187587626244126
鸯,5,6,1.6989700043360185
谊,1,1,2.397940008672037
恩,9,10,1.4436974992327125
犹,25,27,1.0
谁,25,26,1.0
惘,1,1,2.397940008672037
截,1,1,2.397940008672037
屯,1,2,2.397940008672037
愁,29,36,0.9355420107730814
双,12,16,1.3187587626244126
袂,1,1,2.397940008672037
筹,2,2,2.0969100130080562
专,2,2,2.0969100130080562
盖,4,4,1.7958800173440752
阙,7,8,1.5528419686577806
斑,1,1,2.397940008672037
藩,1,1,2.397940008672037
愤,1,1,2.397940008672037
分,13,15,1.2839966563652008
属,4,4,1.7958800173440752
肠,8,8,1.494850021680094
散,19,19,1.1191864077192084
额,1,1,2.397940008672037
郜,1,1,2.397940008672037
幹,1,2,2.397940008672037
景,4,4,1.7958800173440752
惜,8,9,1.494850021680094
候,4,4,1.7958800173440752
榴,1,1,2.397940008672037
猱,1,1,2.397940008672037
吹,17,18,1.1674910872937636
新,28,33,0.9507819773298184
塘,4,4,1.7958800173440752
鹂,3,3,1.9208187539523751
断,17,19,1.1674910872937636
点,4,4,1.7958800173440752
搜,1,1,2.397940008672037
飐,1,1,2.397940008672037
类,2,2,2.0969100130080562
恐,1,1,2.397940008672037
座,3,4,1.9208187539523751
昔,14,15,1.2518119729937995
傅,2,2,2.0969100130080562
霏,2,3,2.0969100130080562
董,1,1,2.397940008672037
庭,13,13,1.2839966563652008
酌,2,2,2.0969100130080562
金,39,49,0.8068754016455384
弱,1,1,2.397940008672037
蕉,1,1,2.397940008672037
雉,3,3,1.9208187539523751
功,10,13,1.3979400086720375
可,25,28,1.0
拱,1,1,2.397940008672037
逝,1,1,2.397940008672037
琶,5,11,1.6989700043360185
晋,2,2,2.0969100130080562
济,3,3,1.9208187539523751
榆,1,1,2.397940008672037
烧,2,2,2.0969100130080562
夹,2,2,2.0969100130080562
识,11,11,1.3565473235138124
酣,2,2,2.0969100130080562
绣,6,8,1.6197887582883939
编,1,1,2.397940008672037
砧,4,4,1.7958800173440752
樯,1,1,2.397940008672037
奉,1,1,2.397940008672037
昂,1,1,2.397940008672037
摩,1,1,2.397940008672037
只,11,11,1.3565473235138124
厮,1,1,2.397940008672037
兹,3,3,1.9208187539523751
灭,6,6,1.6197887582883939
溅,1,1,2.397940008672037
放,4,4,1.7958800173440752
侧,4,4,1.7958800173440752
猩,2,2,2.0969100130080562
翠,15,19,1.2218487496163564
弓,5,6,1.6989700043360185
填,2,2,2.0969100130080562
朋,1,1,2.397940008672037
烹,1,1,2.397940008672037
谣,1,1,2.397940008672037
苍,12,17,1.3187587626244126
暖,6,6,1.6197887582883939
讹,1,1,2.397940008672037
便,5,6,1.6989700043360185
陆,3,3,1.9208187539523751
白,60,66,0.619788758288394
淮,7,7,1.5528419686577806
试,4,4,1.7958800173440752
屐,1,1,2.397940008672037
薄,14,15,1.2518119729937995
云,78,97,0.5058454059815571
吐,1,1,2.397940008672037
旋,4,4,1.7958800173440752
罢,15,15,1.2218487496163564
睇,1,1,2.397940008672037
雾,4,4,1.7958800173440752
铃,1,1,2.397940008672037
熙,1,1,2.397940008672037
宅,4,4,1.7958800173440752
顾,12,12,1.3187587626244126
行,48,63,0.7166987712964503
潭,3,3,1.9208187539523751
相,60,79,0.619788758288394
媚,3,3,1.9208187539523751
皋,1,1,2.397940008672037
逸,2,2,2.0969100130080562
涛,1,1,2.397940008672037
承,6,7,1.6197887582883939
齿,1,1,2.397940008672037
频,6,6,1.6197887582883939
避,2,3,2.0969100130080562
典,1,2,2.397940008672037
衱,1,1,2.397940008672037
窠,1,1,2.397940008672037
腹,1,1,2.397940008672037
鹉,1,1,2.397940008672037
祭,4,4,1.7958800173440752
楹,1,1,2.397940008672037
围,3,3,1.9208187539523751
箸,2,2,2.0969100130080562
乘,9,9,1.4436974992327125
业,4,4,1.7958800173440752
黍,2,2,2.0969100130080562
倍,2,2,2.0969100130080562
畤,1,1,2.397940008672037
范,1,1,2.397940008672037
烬,1,1,2.397940008672037
童,5,5,1.6989700043360185
折,9,12,1.4436974992327125
坟,1,1,2.397940008672037
脍,1,1,2.397940008672037
租,1,2,2.397940008672037
郭,7,7,1.5528419686577806
峰,12,12,1.3187587626244126
杞,1,1,2.397940008672037
戚,1,1,2.397940008672037
充,1,1,2.397940008672037
送,21,21,1.0757207139381182
胝,1,1,2.397940008672037
优,1,1,2.397940008672037
丝,8,8,1.494850021680094
公,11,17,1.3565473235138124
史,2,2,2.0969100130080562
媒,2,2,2.0969100130080562
峥,1,1,2.397940008672037
藜,2,2,2.0969100130080562
灵,7,7,1.5528419686577806
郢,1,1,2.397940008672037
堆,5,5,1.6989700043360185
佩,3,3,1.9208187539523751
党,1,1,2.397940008672037
鸦,3,3,1.9208187539523751
头,21,28,1.0757207139381182
嫦,1,1,2.397940008672037
修,1,1,2.397940008672037
由,6,7,1.6197887582883939
搔,2,2,2.0969100130080562
阊,2,2,2.0969100130080562
滑,2,2,2.0969100130080562
旗,6,6,1.6197887582883939
澜,3,3,1.9208187539523751
鬓,7,7,1.5528419686577806
废,1,1,2.397940008672037
鱼,7,7,1.5528419686577806
束,3,3,1.9208187539523751
嗣,1,1,2.397940008672037
纽,1,1,2.397940008672037
池,12,13,1.3187587626244126
帷,5,5,1.6989700043360185
娥,3,3,1.9208187539523751
闭,2,2,2.0969100130080562
醅,2,2,2.0969100130080562
衰,5,5,1.6989700043360185
瞿,2,2,2.0969100130080562
缓,1,1,2.397940008672037
层,4,4,1.7958800173440752
嵩,3,3,1.9208187539523751
斧,1,1,2.397940008672037
袍,2,2,2.0969100130080562
颔,1,1,2.397940008672037
都,9,12,1.4436974992327125
穴,1,1,2.397940008672037
宜,2,2,2.0969100130080562
共,19,20,1.1191864077192084
尽,37,43,0.8297382846050426
嫌,3,3,1.9208187539523751
烂,1,1,2.397940008672037
述,1,1,2.397940008672037
赠,1,1,2.397940008672037
衫,1,1,2.397940008672037
文,14,16,1.2518119729937995
纸,4,5,1.7958800173440752
鼯,1,1,2.397940008672037
攸,1,1,2.397940008672037
葭,1,1,2.397940008672037
聊,3,3,1.9208187539523751
惆,4,4,1.7958800173440752
胁,1,1,2.397940008672037
衣,28,34,0.9507819773298184
整,2,2,2.0969100130080562
遵,1,1,2.397940008672037
啾,3,6,1.9208187539523751
华,15,19,1.2218487496163564
朱,3,3,1.9208187539523751
蓉,5,8,1.6989700043360185
赋,3,3,1.9208187539523751
碑,2,4,2.0969100130080562
久,14,14,1.2518119729937995
满,23,23,1.0362121726544447
境,1,1,2.397940008672037
叟,2,2,2.0969100130080562
捷,1,1,2.397940008672037
哥,1,1,2.397940008672037
栀,1,1,2.397940008672037
鸿,4,4,1.7958800173440752
雀,4,4,1.7958800173440752
迁,1,1,2.397940008672037
病,8,8,1.494850021680094
沧,7,7,1.5528419686577806
弟,9,11,1.4436974992327125
尹,1,1,2.397940008672037
觉,14,15,1.2518119729937995
年,35,49,0.8538719643217619
宓,1,1,2.397940008672037
望,34,39,0.8664610916297824
亲,10,10,1.3979400086720375
爽,1,1,2.397940008672037
斋,5,5,1.6989700043360185
滚,1,2,2.397940008672037
孟,1,1,2.397940008672037
论,6,6,1.6197887582883939
阿,4,4,1.7958800173440752
泯,1,1,2.397940008672037
迹,5,5,1.6989700043360185
潘,1,1,2.397940008672037
戍,9,9,1.4436974992327125
疑,10,10,1.3979400086720375
閟,1,1,2.397940008672037
非,9,9,1.4436974992327125
麒,1,1,2.397940008672037
兰,5,5,1.6989700043360185
浦,4,4,1.7958800173440752
临,17,18,1.1674910872937636
绛,2,2,2.0969100130080562
罨,1,1,2.397940008672037
炉,2,2,2.0969100130080562
霜,11,11,1.3565473235138124
玄,3,3,1.9208187539523751
态,1,1,2.397940008672037
苗,2,2,2.0969100130080562
材,3,3,1.9208187539523751
障,2,2,2.0969100130080562
迷,4,4,1.7958800173440752
杳,1,2,2.397940008672037
萧,14,21,1.2518119729937995
笔,6,8,1.6197887582883939
莱,2,2,2.0969100130080562
苇,1,1,2.397940008672037
法,2,2,2.0969100130080562
川,13,14,1.2839966563652008
岭,5,5,1.6989700043360185
倒,5,5,1.6989700043360185
边,20,25,1.0969100130080565
攀,3,4,1.9208187539523751
利,4,4,1.7958800173440752
既,3,3,1.9208187539523751
纵,3,3,1.9208187539523751
枕,6,6,1.6197887582883939
农,1,1,2.397940008672037
蝉,4,4,1.7958800173440752
廪,1,1,2.397940008672037
守,5,5,1.6989700043360185
嵯,1,1,2.397940008672037
奏,2,2,2.0969100130080562
肉,4,4,1.7958800173440752
斫,2,2,2.0969100130080562
偻,1,1,2.397940008672037
唯,7,7,1.5528419686577806
臾,1,1,2.397940008672037
乌,3,3,1.9208187539523751
途,5,5,1.6989700043360185
蛮,2,2,2.0969100130080562
初,25,27,1.0
剪,2,2,2.0969100130080562
梭,1,1,2.397940008672037
隐,4,5,1.7958800173440752
学,7,8,1.5528419686577806
扁,1,1,2.397940008672037
料,2,2,2.0969100130080562
日,81,102,0.48945498979338775
信,10,10,1.3979400086720375
叠,2,3,2.0969100130080562
好,16,17,1.1938200260161127
许,1,1,2.397940008672037
艺,1,1,2.397940008672037
粟,3,3,1.9208187539523751
洛,7,7,1.5528419686577806
否,1,1,2.397940008672037
案,1,1,2.397940008672037
祠,6,6,1.6197887582883939
肘,1,1,2.397940008672037
旷,3,3,1.9208187539523751
采,7,7,1.5528419686577806
他,9,11,1.4436974992327125
览,3,3,1.9208187539523751
宁,1,1,2.397940008672037
女,17,22,1.1674910872937636
迅,1,1,2.397940008672037
拂,11,11,1.3565473235138124
江,60,77,0.619788758288394
荒,11,12,1.3565473235138124
期,12,13,1.3187587626244126
监,1,1,2.397940008672037
荏,1,1,2.397940008672037
替,1,1,2.397940008672037
抑,2,2,2.0969100130080562
珰,1,1,2.397940008672037
透,1,1,2.397940008672037
骋,1,1,2.397940008672037
咨,1,1,2.397940008672037
近,18,19,1.1426675035687315
摇,4,6,1.7958800173440752
就,3,3,1.9208187539523751
浆,1,1,2.397940008672037
蔻,1,1,2.397940008672037
暂,4,5,1.7958800173440752
拟,2,2,2.0969100130080562
肝,3,3,1.9208187539523751
君,49,71,0.7077439286435239
淋,2,2,2.0969100130080562
绡,1,1,2.397940008672037
印,2,2,2.0969100130080562
男,3,4,1.9208187539523751
圆,2,2,2.0969100130080562
闻,31,42,0.9065783148377649
致,3,3,1.9208187539523751
厢,1,1,2.397940008672037
形,2,2,2.0969100130080562
跃,2,2,2.0969100130080562
方,12,12,1.3187587626244126
瑕,1,1,2.397940008672037
导,1,1,2.397940008672037
雳,3,3,1.9208187539523751
匀,1,1,2.397940008672037
馔,1,1,2.397940008672037
津,4,4,1.7958800173440752
绎,1,1,2.397940008672037
山,108,141,0.3645162531850879
明,49,60,0.7077439286435239
打,1,1,2.397940008672037
婩,1,1,2.397940008672037
历,4,6,1.7958800173440752
缴,1,1,2.397940008672037
布,2,2,2.0969100130080562
子,30,38,0.9208187539523751
残,14,15,1.2518119729937995
姬,1,1,2.397940008672037
下,47,62,0.7258421507363201
啼,17,21,1.1674910872937636
舅,1,1,2.397940008672037
龟,2,2,2.0969100130080562
迤,2,2,2.0969100130080562
黛,3,3,1.9208187539523751
墀,2,2,2.0969100130080562
秩,1,1,2.397940008672037
妥,1,1,2.397940008672037
遍,5,5,1.6989700043360185
骆,1,1,2.397940008672037
献,3,3,1.9208187539523751
路,27,33,0.9665762445130502
质,1,1,2.397940008672037
樵,5,6,1.6989700043360185
习,1,1,2.397940008672037
舆,1,1,2.397940008672037
精,4,4,1.7958800173440752
耶,1,1,2.397940008672037
阖,2,2,2.0969100130080562
缄,1,1,2.397940008672037
沦,1,1,2.397940008672037
沽,2,2,2.0969100130080562
卷,7,8,1.5528419686577806
盘,9,11,1.4436974992327125
往,9,10,1.4436974992327125
侍,5,7,1.6989700043360185
韦,1,1,2.397940008672037
磐,1,1,2.397940008672037
芦,4,4,1.7958800173440752
猜,1,1,2.397940008672037
嗟,9,10,1.4436974992327125
芜,2,2,2.0969100130080562
读,3,3,1.9208187539523751
停,8,8,1.494850021680094
曲,17,24,1.1674910872937636
崩,4,4,1.7958800173440752
猎,1,1,2.397940008672037
胥,2,2,2.0969100130080562
况,5,5,1.6989700043360185
钗,4,6,1.7958800173440752
濡,1,1,2.397940008672037
荩,1,1,2.397940008672037
窕,1,1,2.397940008672037
邑,5,5,1.6989700043360185
服,4,4,1.7958800173440752
宾,4,4,1.7958800173440752
牛,5,5,1.6989700043360185
舍,4,5,1.7958800173440752
桃,6,7,1.6197887582883939
沮,1,1,2.397940008672037
栊,1,1,2.397940008672037
雁,21,21,1.0757207139381182
豆,2,2,2.0969100130080562
估,1,1,2.397940008672037
凝,7,10,1.5528419686577806
归,57,60,0.6420651529995463
众,5,5,1.6989700043360185
勋,2,2,2.0969100130080562
荷,3,3,1.9208187539523751
侵,5,5,1.6989700043360185
村,6,7,1.6197887582883939
陛,1,1,2.397940008672037
宋,1,1,2.397940008672037
嗔,1,1,2.397940008672037
毫,1,1,2.397940008672037
号,2,2,2.0969100130080562
总,4,5,1.7958800173440752
解,8,9,1.494850021680094
十,29,46,0.9355420107730814
但,13,14,1.2839966563652008
抹,1,1,2.397940008672037
兄,3,3,1.9208187539523751
哦,1,1,2.397940008672037
烟,33,35,0.8794260687941501
苔,5,5,1.6989700043360185
认,1,1,2.397940008672037
矜,1,1,2.397940008672037
汲,2,2,2.0969100130080562
侠,1,1,2.397940008672037
耐,1,1,2.397940008672037
恣,1,1,2.397940008672037
匪,1,1,2.397940008672037
桑,6,6,1.6197887582883939
沫,1,1,2.397940008672037
丈,3,3,1.9208187539523751
卑,1,1,2.397940008672037
鞍,3,3,1.9208187539523751
鹦,1,1,2.397940008672037
煮,1,1,2.397940008672037
岧,1,1,2.397940008672037
混,2,2,2.0969100130080562
彦,1,1,2.397940008672037
兵,7,8,1.5528419686577806
旒,1,1,2.397940008672037
实,1,1,2.397940008672037
段,1,1,2.397940008672037
惋,1,1,2.397940008672037
涯,9,9,1.4436974992327125
窅,1,1,2.397940008672037
称,7,7,1.5528419686577806
萋,3,6,1.9208187539523751
唳,1,1,2.397940008672037
偷,1,1,2.397940008672037
虽,9,9,1.4436974992327125
裳,7,9,1.5528419686577806
驭,1,2,2.397940008672037
一,78,117,0.5058454059815571
积,3,3,1.9208187539523751
藿,1,1,2.397940008672037
袖,4,4,1.7958800173440752
务,1,1,2.397940008672037
砂,1,1,2.397940008672037
适,3,3,1.9208187539523751
晴,8,8,1.494850021680094
股,1,1,2.397940008672037
褒,1,1,2.397940008672037
厦,2,2,2.0969100130080562
俸,2,2,2.0969100130080562
捧,1,1,2.397940008672037
何,66,76,0.5783960731301688
覆,3,3,1.9208187539523751
妇,6,6,1.6197887582883939
翥,1,1,2.397940008672037
羽,9,10,1.4436974992327125
潮,7,9,1.5528419686577806
差,4,4,1.7958800173440752
曷,1,1,2.397940008672037
深,33,36,0.8794260687941501
探,1,1,2.397940008672037
炬,2,2,2.0969100130080562
雄,7,7,1.5528419686577806
参,5,5,1.6989700043360185
锄,2,2,2.0969100130080562
敞,2,2,2.0969100130080562
曹,4,4,1.7958800173440752
贼,2,4,2.0969100130080562
情,24,30,1.0177287669604314
耻,3,3,1.9208187539523751
凿,1,1,2.397940008672037
惊,14,16,1.2518119729937995
轴,1,1,2.397940008672037
虑,2,2,2.0969100130080562
垓,1,1,2.397940008672037
遥,12,14,1.3187587626244126
集,3,3,1.9208187539523751
气,20,20,1.0969100130080565
乱,10,10,1.3979400086720375
铺,2,2,2.0969100130080562
名,20,21,1.0969100130080565
作,16,21,1.1938200260161127
螭,1,1,2.397940008672037
疾,2,2,2.0969100130080562
澹,8,9,1.494850021680094
浮,12,12,1.3187587626244126
而,3,4,1.9208187539523751
徒,7,7,1.5528419686577806
茨,2,2,2.0969100130080562
梦,27,31,0.9665762445130502
渔,9,10,1.4436974992327125
奔,4,4,1.7958800173440752
尺,4,4,1.7958800173440752
戮,1,1,2.397940008672037
鸣,17,18,1.1674910872937636
娟,1,1,2.397940008672037
青,51,67,0.6903698325741012
衾,3,3,1.9208187539523751
源,2,3,2.0969100130080562
入,39,46,0.8068754016455384
丘,10,10,1.3979400086720375
陶,3,3,1.9208187539523751
旄,1,2,2.397940008672037
闲,18,19,1.1426675035687315
珂,1,1,2.397940008672037
憩,2,2,2.0969100130080562
?,1,1,2.397940008672037
界,1,1,2.397940008672037
徐,1,1,2.397940008672037
兮,1,8,2.397940008672037
肃,1,1,2.397940008672037
儿,15,15,1.2218487496163564
芳,8,8,1.494850021680094
定,5,5,1.6989700043360185
廷,1,1,2.397940008672037
鞚,1,1,2.397940008672037
哭,5,7,1.6989700043360185
梯,2,2,2.0969100130080562
埃,4,4,1.7958800173440752
息,9,9,1.4436974992327125
屈,1,1,2.397940008672037
太,13,16,1.2839966563652008
万,54,64,0.6655462488490691
虏,3,3,1.9208187539523751
人,114,170,0.341035157335565
顿,2,2,2.0969100130080562
报,7,7,1.5528419686577806
柯,2,2,2.0969100130080562
剜,1,1,2.397940008672037
旌,5,5,1.6989700043360185
偶,3,3,1.9208187539523751
响,6,6,1.6197887582883939
旅,3,3,1.9208187539523751
穷,13,14,1.2839966563652008
建,3,3,1.9208187539523751
兴,6,6,1.6197887582883939
诚,3,3,1.9208187539523751
掖,2,2,2.0969100130080562
最,7,8,1.5528419686577806
翎,1,1,2.397940008672037
值,2,2,2.0969100130080562
推,1,1,2.397940008672037
骖,1,1,2.397940008672037
矛,1,1,2.397940008672037
辩,1,1,2.397940008672037
感,10,10,1.3979400086720375
系,4,4,1.7958800173440752
坐,15,18,1.2218487496163564
脂,2,2,2.0969100130080562
契,1,1,2.397940008672037
蹄,2,2,2.0969100130080562
黄,37,43,0.8297382846050426
低,10,11,1.3979400086720375
巢,1,1,2.397940008672037
取,9,9,1.4436974992327125
瓦,2,2,2.0969100130080562
臣,8,10,1.494850021680094
晦,1,1,2.397940008672037
薜,2,2,2.0969100130080562
裛,1,1,2.397940008672037
疴,1,1,2.397940008672037
扇,4,4,1.7958800173440752
蟠,1,1,2.397940008672037
饭,1,1,2.397940008672037
臊,1,1,2.397940008672037
燎,1,1,2.397940008672037
追,4,5,1.7958800173440752
乃,2,2,2.0969100130080562
仗,2,2,2.0969100130080562
缟,1,1,2.397940008672037
邓,1,1,2.397940008672037
洗,7,7,1.5528419686577806
角,11,13,1.3565473235138124
壑,9,9,1.4436974992327125
回,28,32,0.9507819773298184
粗,1,1,2.397940008672037
洁,2,2,2.0969100130080562
寞,7,7,1.5528419686577806
健,1,1,2.397940008672037
鲜,1,1,2.397940008672037
怅,7,7,1.5528419686577806
戟,2,2,2.0969100130080562
财,2,2,2.0969100130080562
蓬,9,10,1.4436974992327125
指,2,3,2.0969100130080562
嘈,1,4,2.397940008672037
戏,2,2,2.0969100130080562
照,19,20,1.1191864077192084
独,37,38,0.8297382846050426
杵,1,1,2.397940008672037
寐,1,1,2.397940008672037
先,12,12,1.3187587626244126
芬,2,2,2.0969100130080562
细,8,9,1.494850021680094
伤,6,6,1.6197887582883939
勤,5,6,1.6989700043360185
那,5,5,1.6989700043360185
无,71,105,0.5466816599529623
涌,3,3,1.9208187539523751
结,2,2,2.0969100130080562
血,7,8,1.5528419686577806
见,56,70,0.6497519816658371
京,4,5,1.7958800173440752
牖,2,2,2.0969100130080562
盗,1,1,2.397940008672037
应,19,19,1.1191864077192084
洞,10,10,1.3979400086720375
缥,1,1,2.397940008672037
唐,1,1,2.397940008672037
压,3,3,1.9208187539523751
舟,23,24,1.0362121726544447
婿,4,4,1.7958800173440752
豺,1,1,2.397940008672037
踌,2,2,2.0969100130080562
臆,1,1,2.397940008672037
蘋,3,3,1.9208187539523751
珮,1,1,2.397940008672037
撰,1,1,2.397940008672037
舜,1,1,2.397940008672037
饷,1,1,2.397940008672037
王,21,29,1.0757207139381182
扃,1,1,2.397940008672037
摵,1,2,2.397940008672037
刘,1,1,2.397940008672037
馀,4,4,1.7958800173440752
黔,1,1,2.397940008672037
远,35,37,0.8538719643217619
自,52,58,0.6819366650372384
列,7,8,1.5528419686577806
里,50,59,0.6989700043360187
溪,10,11,1.3979400086720375
哳,1,1,2.397940008672037
墟,2,2,2.0969100130080562
阑,8,8,1.494850021680094
劳,4,4,1.7958800173440752
跎,3,3,1.9208187539523751
咏,3,3,1.9208187539523751
碣,1,1,2.397940008672037
衍,1,1,2.397940008672037
繁,5,5,1.6989700043360185
凄,6,10,1.6197887582883939
根,2,2,2.0969100130080562
醉,14,14,1.2518119729937995
怪,2,2,2.0969100130080562
杂,3,3,1.9208187539523751
同,18,20,1.1426675035687315
旦,2,2,2.0969100130080562
栗,2,2,2.0969100130080562
难,27,36,0.9665762445130502
嘲,1,1,2.397940008672037
缺,2,2,2.0969100130080562
绝,18,23,1.1426675035687315
戎,3,3,1.9208187539523751
蔽,1,1,2.397940008672037
谢,12,13,1.3187587626244126
冻,2,2,2.0969100130080562
式,1,1,2.397940008672037
良,10,10,1.3979400086720375
汝,1,2,2.397940008672037
伦,3,3,1.9208187539523751
岁,12,13,1.3187587626244126
燕,10,11,1.3979400086720375
象,1,1,2.397940008672037
嵋,1,1,2.397940008672037
波,18,19,1.1426675035687315
纱,4,4,1.7958800173440752
窜,2,2,2.0969100130080562
阳,42,48,0.774690718274137
骅,1,1,2.397940008672037
肌,1,1,2.397940008672037
宗,5,6,1.6989700043360185
权,2,2,2.0969100130080562
晓,20,20,1.0969100130080565
鼍,1,1,2.397940008672037
蛩,1,1,2.397940008672037
磨,4,4,1.7958800173440752
三,38,50,0.8181564120552274
仁,1,1,2.397940008672037
乍,2,2,2.0969100130080562
趣,1,1,2.397940008672037
妾,8,9,1.494850021680094
斜,17,17,1.1674910872937636
御,8,8,1.494850021680094
谏,2,2,2.0969100130080562
速,1,1,2.397940008672037
恋,1,1,2.397940008672037
声,39,55,0.8068754016455384
骊,1,1,2.397940008672037
确,1,1,2.397940008672037
郎,6,8,1.6197887582883939
足,10,13,1.3979400086720375
湲,1,1,2.397940008672037
供,1,1,2.397940008672037
面,5,6,1.6989700043360185
骑,11,12,1.3565473235138124
貔,1,1,2.397940008672037
葳,1,1,2.397940008672037
屹,1,1,2.397940008672037
悠,4,10,1.7958800173440752
蒸,2,2,2.0969100130080562
摐,1,1,2.397940008672037
要,2,2,2.0969100130080562
巫,3,3,1.9208187539523751
贫,5,5,1.6989700043360185
岱,1,1,2.397940008672037
听,15,17,1.2218487496163564
浙,1,1,2.397940008672037
勿,1,1,2.397940008672037
冷,9,10,1.4436974992327125
麦,2,2,2.0969100130080562
茱,1,1,2.397940008672037
杜,5,5,1.6989700043360185
伏,1,1,2.397940008672037
蔡,4,4,1.7958800173440752
仆,5,5,1.6989700043360185
统,1,1,2.397940008672037
汨,1,1,2.397940008672037
凫,1,1,2.397940008672037
竿,1,1,2.397940008672037
掷,1,2,2.397940008672037
妨,1,1,2.397940008672037
颦,1,1,2.397940008672037
逻,1,1,2.397940008672037
穿,2,2,2.0969100130080562
遗,3,3,1.9208187539523751
俗,4,4,1.7958800173440752
抽,1,1,2.397940008672037
苑,4,6,1.7958800173440752
片,8,10,1.494850021680094
于,11,16,1.3565473235138124
刀,7,7,1.5528419686577806
横,8,8,1.494850021680094
忧,2,2,2.0969100130080562
烽,4,4,1.7958800173440752
食,7,7,1.5528419686577806
宰,2,2,2.0969100130080562
侦,1,1,2.397940008672037
蚁,2,2,2.0969100130080562
洒,3,3,1.9208187539523751
梁,7,7,1.5528419686577806
虾,1,1,2.397940008672037
扬,6,7,1.6197887582883939
斯,6,7,1.6197887582883939
腻,1,1,2.397940008672037
飞,40,48,0.7958800173440752
碎,2,2,2.0969100130080562
运,1,1,2.397940008672037
萦,3,3,1.9208187539523751
坼,1,1,2.397940008672037
请,4,4,1.7958800173440752
多,33,36,0.8794260687941501
腥,1,1,2.397940008672037
睢,1,1,2.397940008672037
盛,2,2,2.0969100130080562
矰,1,1,2.397940008672037
壁,4,4,1.7958800173440752
鹅,1,1,2.397940008672037
饮,11,12,1.3565473235138124
钓,6,6,1.6197887582883939
言,12,15,1.3187587626244126
誓,5,5,1.6989700043360185
霆,1,1,2.397940008672037
店,1,1,2.397940008672037
粉,4,4,1.7958800173440752
维,2,2,2.0969100130080562
似,12,14,1.3187587626244126
吞,2,2,2.0969100130080562
幡,1,1,2.397940008672037
张,4,4,1.7958800173440752
表,3,3,1.9208187539523751
讯,1,1,2.397940008672037
胡,16,21,1.1938200260161127
岐,2,2,2.0969100130080562
呕,1,1,2.397940008672037
忘,7,7,1.5528419686577806
射,5,6,1.6989700043360185
檐,2,2,2.0969100130080562
逦,1,1,2.397940008672037
收,9,10,1.4436974992327125
帐,5,6,1.6989700043360185
杨,10,10,1.3979400086720375
生,51,82,0.6903698325741012
葛,1,1,2.397940008672037
掺,1,1,2.397940008672037
昏,10,10,1.3979400086720375
幽,19,21,1.1191864077192084
篇,1,1,2.397940008672037
休,8,9,1.494850021680094
会,9,9,1.4436974992327125
娉,1,2,2.397940008672037
酸,2,2,2.0969100130080562
吕,1,1,2.397940008672037
宿,13,14,1.2839966563652008
祚,1,1,2.397940008672037
藁,1,1,2.397940008672037
踪,2,2,2.0969100130080562
伛,1,1,2.397940008672037
句,2,2,2.0969100130080562
沉,8,9,1.494850021680094
机,4,4,1.7958800173440752
撷,1,1,2.397940008672037
莓,1,1,2.397940008672037
霭,2,2,2.0969100130080562
插,3,3,1.9208187539523751
筝,2,2,2.0969100130080562
时,60,73,0.619788758288394
坤,1,1,2.397940008672037
卧,14,14,1.2518119729937995
骝,2,2,2.0969100130080562
寒,46,47,0.7351821769904634
歇,5,5,1.6989700043360185
瓜,2,2,2.0969100130080562
慢,2,2,2.0969100130080562
嚼,1,1,2.397940008672037
孙,6,7,1.6197887582883939
戈,3,3,1.9208187539523751
仲,1,1,2.397940008672037
职,1,1,2.397940008672037
襄,2,2,2.0969100130080562
掣,1,1,2.397940008672037
蛇,3,3,1.9208187539523751
联,1,1,2.397940008672037
征,11,14,1.3565473235138124
寸,1,2,2.397940008672037
漾,3,4,1.9208187539523751
夸,2,2,2.0969100130080562
夺,1,1,2.397940008672037
袅,1,2,2.397940008672037
醒,2,2,2.0969100130080562
骢,2,2,2.0969100130080562
怨,9,9,1.4436974992327125
台,17,23,1.1674910872937636
势,3,3,1.9208187539523751
粝,1,1,2.397940008672037
巡,2,2,2.0969100130080562
纨,1,1,2.397940008672037
平,24,26,1.0177287669604314
杀,5,5,1.6989700043360185
彩,5,5,1.6989700043360185
棱,1,1,2.397940008672037
逃,2,2,2.0969100130080562
花,57,76,0.6420651529995463
犁,1,1,2.397940008672037
晶,1,1,2.397940008672037
渐,5,5,1.6989700043360185
却,8,8,1.494850021680094
贞,1,1,2.397940008672037
拈,1,1,2.397940008672037
萸,1,1,2.397940008672037
限,5,5,1.6989700043360185
藤,1,1,2.397940008672037
秦,13,13,1.2839966563652008
游,15,16,1.2218487496163564
朝,37,47,0.8297382846050426
柏,6,6,1.6197887582883939
珑,2,2,2.0969100130080562
畔,7,7,1.5528419686577806
羞,4,4,1.7958800173440752
愬,1,1,2.397940008672037
沈,1,1,2.397940008672037
水,55,72,0.6575773191777937
夫,19,20,1.1191864077192084
隶,1,1,2.397940008672037
鳞,1,1,2.397940008672037
当,21,23,1.0757207139381182
纡,2,2,2.0969100130080562
浓,2,2,2.0969100130080562
伊,2,2,2.0969100130080562
侯,8,8,1.494850021680094
羯,1,1,2.397940008672037
箓,1,1,2.397940008672037
每,6,6,1.6197887582883939
廊,1,1,2.397940008672037
惨,4,4,1.7958800173440752
蝼,1,1,2.397940008672037
绕,6,7,1.6197887582883939
汗,1,1,2.397940008672037
冰,5,6,1.6989700043360185
在,36,46,0.8416375079047503
转,16,20,1.1938200260161127
骨,10,10,1.3979400086720375
躇,2,2,2.0969100130080562
赢,1,1,2.397940008672037
早,12,12,1.3187587626244126
校,1,1,2.397940008672037
理,8,8,1.494850021680094
皇,6,6,1.6197887582883939
乳,1,1,2.397940008672037
裘,3,3,1.9208187539523751
楚,15,15,1.2218487496163564
必,6,6,1.6197887582883939
备,1,1,2.397940008672037
茅,4,4,1.7958800173440752
天,76,106,0.5171264163912461
驼,2,2,2.0969100130080562
缕,3,3,1.9208187539523751
骓,1,1,2.397940008672037
丧,3,3,1.9208187539523751
内,3,3,1.9208187539523751
娘,2,2,2.0969100130080562
和,8,9,1.494850021680094
蝠,1,1,2.397940008672037
色,34,40,0.8664610916297824
鸳,5,6,1.6989700043360185
饥,1,1,2.397940008672037
钱,5,6,1.6989700043360185
脯,1,1,2.397940008672037
虎,6,6,1.6197887582883939
程,1,1,2.397940008672037
故,26,28,0.9829666607012195
更,23,25,1.0362121726544447
鹿,2,2,2.0969100130080562
浥,1,1,2.397940008672037
使,15,16,1.2218487496163564
倚,10,10,1.3979400086720375
兽,2,2,2.0969100130080562
旆,1,1,2.397940008672037
芋,1,1,2.397940008672037
札,1,1,2.397940008672037
器,2,3,2.0969100130080562
甫,1,1,2.397940008672037
荔,1,1,2.397940008672037
群,7,7,1.5528419686577806
重,27,36,0.9665762445130502
咆,1,1,2.397940008672037
矫,1,1,2.397940008672037
罗,14,14,1.2518119729937995
右,3,3,1.9208187539523751
汀,2,2,2.0969100130080562
父,2,2,2.0969100130080562
密,3,3,1.9208187539523751
驱,2,2,2.0969100130080562
篥,1,1,2.397940008672037
吾,10,11,1.3979400086720375
宵,6,7,1.6197887582883939
梧,3,3,1.9208187539523751
沼,1,1,2.397940008672037
终,18,20,1.1426675035687315
省,2,2,2.0969100130080562
让,1,2,2.397940008672037
庙,7,8,1.5528419686577806
舫,3,3,1.9208187539523751
高,41,43,0.785156151952302
旁,2,2,2.0969100130080562
丽,2,3,2.0969100130080562
腓,1,1,2.397940008672037
悬,3,3,1.9208187539523751
观,6,6,1.6197887582883939
笑,12,12,1.3187587626244126
飏,1,2,2.397940008672037
霹,3,3,1.9208187539523751
尊,2,2,2.0969100130080562
陲,2,2,2.0969100130080562
晚,18,18,1.1426675035687315
堤,2,2,2.0969100130080562
松,23,23,1.0362121726544447
买,3,3,1.9208187539523751
竹,13,14,1.2839966563652008
林,22,22,1.055517327849831
杉,1,1,2.397940008672037
雅,2,2,2.0969100130080562
莲,2,3,2.0969100130080562
蛟,3,3,1.9208187539523751
七,7,9,1.5528419686577806
战,12,14,1.3187587626244126
姥,1,2,2.397940008672037
魏,3,3,1.9208187539523751
域,1,1,2.397940008672037
杯,17,18,1.1674910872937636
墨,1,1,2.397940008672037
吉,1,1,2.397940008672037
砯,1,1,2.397940008672037
艰,1,1,2.397940008672037
般,1,1,2.397940008672037
峡,6,8,1.6197887582883939
麟,3,3,1.9208187539523751
径,12,13,1.3187587626244126
增,1,1,2.397940008672037
缈,1,1,2.397940008672037
及,6,6,1.6197887582883939
幺,1,1,2.397940008672037
秋,45,50,0.7447274948966939
湘,6,6,1.6197887582883939
鹊,1,1,2.397940008672037
楫,1,1,2.397940008672037
唇,2,2,2.0969100130080562
颍,3,3,1.9208187539523751
枥,1,1,2.397940008672037
道,22,30,1.055517327849831
因,9,9,1.4436974992327125
隳,1,1,2.397940008672037
带,12,12,1.3187587626244126
亡,3,3,1.9208187539523751
蓑,1,1,2.397940008672037
漏,1,1,2.397940008672037
投,6,6,1.6197887582883939
驰,1,1,2.397940008672037
销,7,7,1.5528419686577806
淑,2,2,2.0969100130080562
怆,1,1,2.397940008672037
还,29,33,0.9355420107730814
变,6,6,1.6197887582883939
养,3,3,1.9208187539523751
貌,4,5,1.7958800173440752
轻,17,18,1.1674910872937636
僮,3,3,1.9208187539523751
并,1,1,2.397940008672037
茶,1,1,2.397940008672037
怀,8,8,1.494850021680094
徊,2,2,2.0969100130080562
挥,7,7,1.5528419686577806
悲,12,13,1.3187587626244126
仪,1,1,2.397940008672037
泥,5,5,1.6989700043360185
剔,2,2,2.0969100130080562
淳,1,1,2.397940008672037
亭,4,5,1.7958800173440752
漓,1,1,2.397940008672037
两,12,18,1.3187587626244126
珍,3,3,1.9208187539523751
蝴,1,1,2.397940008672037
窃,1,1,2.397940008672037
迥,3,3,1.9208187539523751
捶,1,2,2.397940008672037
贺,3,3,1.9208187539523751
益,4,4,1.7958800173440752
哀,10,10,1.3979400086720375
这,1,1,2.397940008672037
鬼,5,6,1.6989700043360185
滞,2,2,2.0969100130080562
红,22,25,1.055517327849831
殷,5,6,1.6989700043360185
掬,1,1,2.397940008672037
田,10,10,1.3979400086720375
遂,3,4,1.9208187539523751
岳,6,6,1.6197887582883939
塞,9,10,1.4436974992327125
趋,2,2,2.0969100130080562
智,1,1,2.397940008672037
驾,1,1,2.397940008672037
风,87,103,0.4584207560534191
壈,1,1,2.397940008672037
魑,1,1,2.397940008672037
肯,5,5,1.6989700043360185
歌,21,26,1.0757207139381182
潺,1,1,2.397940008672037
羲,2,3,2.0969100130080562
洄,1,1,2.397940008672037
脱,2,2,2.0969100130080562
遣,3,3,1.9208187539523751
宝,6,6,1.6197887582883939
消,5,5,1.6989700043360185
沸,1,1,2.397940008672037
床,7,9,1.5528419686577806
连,21,22,1.0757207139381182
英,5,6,1.6989700043360185
皓,1,1,2.397940008672037
庾,1,1,2.397940008672037
洋,1,1,2.397940008672037
衮,1,1,2.397940008672037
笠,2,2,2.0969100130080562
箫,3,3,1.9208187539523751
髻,2,2,2.0969100130080562
发,20,22,1.0969100130080565
姑,4,4,1.7958800173440752
星,15,15,1.2218487496163564
夏,2,2,2.0969100130080562
慰,3,3,1.9208187539523751
眼,8,10,1.494850021680094
膳,1,1,2.397940008672037
湾,1,1,2.397940008672037
喜,3,3,1.9208187539523751
箔,2,2,2.0969100130080562
辕,1,1,2.397940008672037
冤,2,2,2.0969100130080562
耳,5,5,1.6989700043360185
婀,1,1,2.397940008672037
睡,2,2,2.0969100130080562
简,1,1,2.397940008672037
梳,2,2,2.0969100130080562
淹,1,1,2.397940008672037
儒,2,3,2.0969100130080562
经,8,9,1.494850021680094
辜,1,1,2.397940008672037
弥,1,1,2.397940008672037
兀,1,1,2.397940008672037
沙,18,18,1.1426675035687315
籁,2,2,2.0969100130080562
萄,1,1,2.397940008672037
前,35,40,0.8538719643217619
延,1,1,2.397940008672037
石,21,31,1.0757207139381182
凡,1,1,2.397940008672037
负,2,2,2.0969100130080562
改,5,5,1.6989700043360185
记,1,1,2.397940008672037
把,8,8,1.494850021680094
皎,1,1,2.397940008672037
瓶,1,1,2.397940008672037
葵,1,1,2.397940008672037
又,13,14,1.2839966563652008
元,5,6,1.6989700043360185
本,9,9,1.4436974992327125
崦,1,1,2.397940008672037
枫,4,4,1.7958800173440752
胜,5,5,1.6989700043360185
凭,4,4,1.7958800173440752
蟆,1,1,2.397940008672037
策,3,3,1.9208187539523751
酒,33,38,0.8794260687941501
圉,1,1,2.397940008672037
龙,21,23,1.0757207139381182
瑶,1,1,2.397940008672037
委,2,2,2.0969100130080562
暝,3,3,1.9208187539523751
敝,1,1,2.397940008672037
揖,1,1,2.397940008672037
退,2,2,2.0969100130080562
化,3,3,1.9208187539523751
扣,2,2,2.0969100130080562
客,40,45,0.7958800173440752
飗,1,1,2.397940008672037
沟,1,1,2.397940008672037
康,1,1,2.397940008672037
促,1,1,2.397940008672037
遝,1,1,2.397940008672037
拨,1,3,2.397940008672037
恢,1,1,2.397940008672037
浪,6,7,1.6197887582883939
砺,1,1,2.397940008672037
蝙,1,1,2.397940008672037
翡,2,2,2.0969100130080562
姓,3,3,1.9208187539523751
钿,2,5,2.0969100130080562
顷,1,1,2.397940008672037
五,26,29,0.9829666607012195
忝,1,1,2.397940008672037
浅,2,2,2.0969100130080562
珓,1,1,2.397940008672037
凉,9,9,1.4436974992327125
盈,3,3,1.9208187539523751
抵,1,1,2.397940008672037
嚱,1,1,2.397940008672037
继,2,2,2.0969100130080562
帚,1,1,2.397940008672037
说,3,3,1.9208187539523751
琴,8,8,1.494850021680094
纶,1,1,2.397940008672037
稚,1,1,2.397940008672037
乾,1,1,2.397940008672037
夷,3,3,1.9208187539523751
绳,2,2,2.0969100130080562
苒,1,1,2.397940008672037
兼,2,2,2.0969100130080562
姿,4,4,1.7958800173440752
遽,1,1,2.397940008672037
吴,11,12,1.3565473235138124
缘,7,7,1.5528419686577806
果,1,1,2.397940008672037
赐,7,8,1.5528419686577806
宛,1,1,2.397940008672037
落,56,62,0.6497519816658371
储,1,1,2.397940008672037
蒙,1,1,2.397940008672037
摧,3,4,1.9208187539523751
来,71,94,0.5466816599529623
